SCIENTIST_ID	SCIENTIST_NAME
1	John Smith
2	Emily Johnson
3	Michael Brown
4	Sarah Lee
5	William Davis
7	Olivia Martin
8	James Wilson
110	Ava Garcia
111	Robert White
112	Isabella Hall
113	Richard Harris
114	Mia Thompson
115	Charles Walker
116	Charlotte Davis
117	Thomas Miller
120	Abigail Taylor
121	Donald Jenkins
6	Sophia Rodriguez
10	Joseph Lee
11	Jessica Martin
13	Kevin White
20	Mason Brown
21	Hannah Garcia
24	Patrick Hall
27	Lily Wilson
30	Daniel Martin
32	Ava Lee
7	Matthew Davis
101	Emily Johnson
40	William Brown
42	Olivia Garcia
52	James White
211	Isabella Taylor
9	Richard Harris
17	Michael Lee
18	Sarah Martin
25	Kevin Wilson
26	Ava Davis
42	Thomas Brown
54	Charlotte Garcia
203	Joseph White
220	Jessica Lee
221	Patrick Martin
31	Lily Johnson
200	Daniel Davis
216	Mason Hall
227	Hannah Wilson
230	Matthew Brown
43	Emily Garcia
55	William Taylor
56	James Lee
64	Isabella White
68	Richard Martin
77	Michael Davis
211	Sarah Wilson
110	Kevin Lee
118	Ava Brown
119	Thomas Garcia
12	Joseph Martin
15	Jessica White
22	Patrick Johnson
102	Lily Davis
34	Daniel Lee
35	Mason Wilson
38	Hannah Martin
50	Matthew Garcia
51	Emily Brown
204	William White
212	James Davis
217	Isabella Lee
222	Richard Wilson
6	Michael Taylor
16	Sarah Martin
16	Kevin Garcia
23	Ava Johnson
28	Thomas Brown
29	Joseph Davis
24	Jessica Lee
24	Patrick White
100	Lily Martin
103	Daniel Wilson
105	Mason Garcia
37	Hannah Taylor
39	Matthew Brown
41	Emily Davis
36	William Lee
53	James White
201	Isabella Martin
209	Richard Johnson
210	Michael Garcia
214	Sarah Wilson
215	Kevin Lee
218	Ava Brown
38	Thomas Martin
51	Joseph Davis
206	Jessica White
208	Patrick Johnson
223	Lily Garcia
224	Daniel Lee
231	Mason Wilson
44	Hannah Martin
45	Matthew Davis
47	Emily Brown
47	William Taylor
52	James Garcia
57	Isabella White
58	Richard Lee
61	Michael Wilson
62	Sarah Martin
63	Kevin Davis
65	Ava Johnson
66	Thomas Brown
67	Joseph Garcia
69	Jessica Lee
71	Patrick White
72	Lily Martin
76	Daniel Wilson
79	Mason Taylor
80	Hannah Davis
81	Matthew Garcia
117	Emily Lee
116	William Martin
74	James Brown
14	Isabella Johnson
202	Richard White
219	Michael Davis
33	Sarah Wilson
36	Kevin Garcia
34	Ava Lee
205	Thomas Martin
207	Joseph Brown
213	Jessica White
104	Patrick Johnson
225	Lily Davis
226	Daniel Lee
228	Mason Wilson
229	Hannah Martin
19	Matthew Brown
37	Emily Garcia
46	William White
48	James Davis
49	Isabella Lee
59	Richard Wilson
60	Michael Taylor
70	Sarah Martin
73	Kevin Garcia
75	Ava Johnson
115	Thomas Brown
78	Joseph Davis
